{"cameraMode":{"drawMode":0,"name":"Shaded","section":"Shading Mode"},"sceneLighting":true,"audioPlay":false,"sceneViewState":{"m_AlwaysRefresh":false,"showFog":true,"showSkybox":true,"showFlares":true,"showImageEffects":true,"showParticleSystems":true,"showVisualEffectGraphs":true,"m_FxEnabled":true},"in2DMode":false,"pivot":{"x":389.6773681640625,"y":183.25271606445313,"z":-38.82695007324219},"rotation":{"x":-0.11107935756444931,"y":-0.0038784861098974945,"z":0.0004331941599957645,"w":-0.9938067197799683},"size":439.1078186035156,"orthographic":false}