{"cameraMode":{"drawMode":0,"name":"Shaded","section":"Shading Mode"},"sceneLighting":true,"audioPlay":false,"sceneViewState":{"m_AlwaysRefresh":false,"showFog":true,"showSkybox":true,"showFlares":true,"showImageEffects":true,"showParticleSystems":true,"showVisualEffectGraphs":true,"m_FxEnabled":true},"in2DMode":false,"pivot":{"x":-92.05216979980469,"y":154.91213989257813,"z":-9.350519180297852},"rotation":{"x":0.048904821276664737,"y":0.7721808552742004,"z":-0.05988258123397827,"w":0.6306983232498169},"size":256.3683776855469,"orthographic":true}