{"cameraMode":{"drawMode":0,"name":"Shaded","section":"Shading Mode"},"sceneLighting":false,"audioPlay":false,"sceneViewState":{"m_AlwaysRefresh":false,"showFog":true,"showSkybox":false,"showFlares":true,"showImageEffects":true,"showParticleSystems":true,"showVisualEffectGraphs":true,"m_FxEnabled":true},"in2DMode":false,"pivot":{"x":0.0012438297271728516,"y":1.0281291007995606,"z":-0.19590067863464356},"rotation":{"x":-0.28990665078163149,"y":-0.21468757092952729,"z":0.06690056622028351,"w":-0.9302680492401123},"size":4.099206924438477,"orthographic":false}