{"cameraMode":{"drawMode":0,"name":"Shaded","section":"Shading Mode"},"sceneLighting":false,"audioPlay":false,"sceneViewState":{"m_AlwaysRefresh":false,"showFog":true,"showSkybox":false,"showFlares":true,"showImageEffects":true,"showParticleSystems":true,"showVisualEffectGraphs":true,"m_FxEnabled":true},"in2DMode":false,"pivot":{"x":0.0012438297271728516,"y":1.0281291007995606,"z":-0.19590067863464356},"rotation":{"x":0.09885510802268982,"y":-0.6447862982749939,"z":0.08462557196617127,"w":0.753204882144928},"size":4.099206924438477,"orthographic":true}