{"cameraMode":{"drawMode":0,"name":"Shaded","section":"Shading Mode"},"sceneLighting":false,"audioPlay":false,"sceneViewState":{"m_AlwaysRefresh":false,"showFog":true,"showSkybox":false,"showFlares":true,"showImageEffects":true,"showParticleSystems":true,"showVisualEffectGraphs":true,"m_FxEnabled":true},"in2DMode":false,"pivot":{"x":-0.00026702880859375,"y":1.3739420175552369,"z":0.14484214782714845},"rotation":{"x":-0.4534006416797638,"y":0.020301323384046556,"z":-0.010302484966814518,"w":-0.8910505175590515},"size":3.9513425827026369,"orthographic":false}